Transportadora;Email;Cidade;UF
1ª AÇÃO Transportes;comercial@transportesacao.com.br;RIO-BRANCO;AC
ALIANÇA Cargas;comercial@1aliancacargas.com.br;RIO-BRANCO;AC
ALLIAN;comercial@alliantransportes.com.br;RIO-BRANCO;AC
ALPHATRANS;comercial@alphatranstransportadora.com.br;RIO-BRANCO;AC
ALUV Logística;cotacao@aluvlog.com.br;RIO-BRANCO;AC
AVANTE SP;comercial@avantelogistica.com.br;RIO-BRANCO;AC
AVIAT;comercial.sao@aviatcargo.com.br;RIO-BRANCO;AC
BROS Logística;comercial.spo@broslogistica.com.br;RIO-BRANCO;AC
CAVALHEIRO LOG;saopaulo@cavalheirolog.com.br;RIO-BRANCO;AC
CORDIAL Cargas;comercial@cordialcargas.com.br;RIO-BRANCO;AC
FRETEBR Cargas;cotacao@fretebr.net.br;RIO-BRANCO;AC
FRETELOG;comercial@fretelogtransportes.com.br;RIO-BRANCO;AC
FRETTE Intermodal;cotacao@fretteintermodal.com.br;RIO-BRANCO;AC
IDEAL Cargas SP;comercial5@idealcargas.com;RIO-BRANCO;AC
IMPÉRIO Logística;comercial@imperiologistica.com.br;RIO-BRANCO;AC
LUXUS;sac@expressoluxus.com.br;RIO-BRANCO;AC
MONTONE;vendas2@transmontone.com.br;RIO-BRANCO;AC
PEXLOG;comercial.sp@pexlog.com.br;RIO-BRANCO;AC
POTENCIAL Cargas;comercial@potencialcargas.com.br;RIO-BRANCO;AC
PRIMORDIAL Cargas;comercial@primordialcargas.com.br;RIO-BRANCO;AC
PROGRESSO;cotacao@progressotransportes.com.br;RIO-BRANCO;AC
RODONORTE;rodonorte.spo@gmail.com;RIO-BRANCO;AC
RODUART;atendimento@roduart.com.br;RIO-BRANCO;AC
RORAIMA Logística;cotacoes@roraimalog.com.br;RIO-BRANCO;AC
TRANS IMPÉRIO Rodoaéreo;cotacao@transimperio.com;RIO-BRANCO;AC
TRANSLOGAALMEIDA;translogoaalmeidasp@gmail.com;RIO-BRANCO;AC
TRANSNORTEX;comercial.sp@transnortex.com.br;RIO-BRANCO;AC
VOO Transportes;comercialmtz02@vootransportes.com.br;RIO-BRANCO;AC
VSJ Express;comercial@vsjexpress.com.br;RIO-BRANCO;AC
